{
  "_format": "hh-sol-cache-2",
  "files": {
    "C:\\ALLCODE\\ETHEREUM\\Unicrypt\\HARDHAT\\TokenVesting - V3\\contracts\\Base2.sol": {
      "lastModificationDate": 1619702785578,
      "contentHash": "8c62c49f4df06ca0dc0c66153a79085b",
      "sourceName": "contracts/Base2.sol",
      "solcConfig": {
        "version": "0.5.0",
        "settings": {
          "optimizer": {
            "enabled": false,
            "runs": 200
          },
          "outputSelection": {
            "*": {
              "*": [
                "abi",
                "evm.bytecode",
                "evm.deployedBytecode",
                "evm.methodIdentifiers"
              ],
              "": [
                "ast"
              ]
            }
          }
        }
      },
      "imports": [],
      "versionPragmas": [
        "0.5.0"
      ],
      "artifacts": [
        "Base2",
        "ERC20Detailed",
        "IERC20",
        "IUniswapSync",
        "Initializable",
        "Ownable",
        "SafeMath",
        "SafeMathInt"
      ]
    },
    "C:\\ALLCODE\\ETHEREUM\\Unicrypt\\HARDHAT\\TokenVesting - V3\\contracts\\BOMBv3.sol": {
      "lastModificationDate": 1619293409696,
      "contentHash": "8cee0a9b43305f65daa4058b7ea80ebc",
      "sourceName": "contracts/BOMBv3.sol",
      "solcConfig": {
        "version": "0.5.0",
        "settings": {
          "optimizer": {
            "enabled": false,
            "runs": 200
          },
          "outputSelection": {
            "*": {
              "*": [
                "abi",
                "evm.bytecode",
                "evm.deployedBytecode",
                "evm.methodIdentifiers"
              ],
              "": [
                "ast"
              ]
            }
          }
        }
      },
      "imports": [],
      "versionPragmas": [
        "^0.5.0"
      ],
      "artifacts": [
        "BOMBv3",
        "ERC20Detailed",
        "IERC20",
        "SafeMath"
      ]
    },
    "C:\\ALLCODE\\ETHEREUM\\Unicrypt\\HARDHAT\\TokenVesting - V3\\contracts\\ConditionLight.sol": {
      "lastModificationDate": 1620290872630,
      "contentHash": "23aefa690b7f297dd6658546f94c1daf",
      "sourceName": "contracts/ConditionLight.sol",
      "solcConfig": {
        "version": "0.8.3",
        "settings": {
          "optimizer": {
            "enabled": true,
            "runs": 200
          },
          "outputSelection": {
            "*": {
              "*": [
                "abi",
                "evm.bytecode",
                "evm.deployedBytecode",
                "evm.methodIdentifiers"
              ],
              "": [
                "ast"
              ]
            }
          }
        }
      },
      "imports": [],
      "versionPragmas": [
        "^0.8.0"
      ],
      "artifacts": [
        "ConditionLight",
        "IUnlockCondition"
      ]
    },
    "C:\\ALLCODE\\ETHEREUM\\Unicrypt\\HARDHAT\\TokenVesting - V3\\contracts\\ERC20Mock.sol": {
      "lastModificationDate": 1618839417820,
      "contentHash": "975cb335bfb56efa86871c7da69ed5db",
      "sourceName": "contracts/ERC20Mock.sol",
      "solcConfig": {
        "version": "0.8.3",
        "settings": {
          "optimizer": {
            "enabled": true,
            "runs": 200
          },
          "outputSelection": {
            "*": {
              "*": [
                "abi",
                "evm.bytecode",
                "evm.deployedBytecode",
                "evm.methodIdentifiers"
              ],
              "": [
                "ast"
              ]
            }
          }
        }
      },
      "imports": [
        "@openzeppelin/contracts/token/ERC20/ERC20.sol"
      ],
      "versionPragmas": [
        "^0.8.0"
      ],
      "artifacts": [
        "ERC20Mock"
      ]
    },
    "C:\\ALLCODE\\ETHEREUM\\Unicrypt\\HARDHAT\\TokenVesting - V3\\node_modules\\@openzeppelin\\contracts\\token\\ERC20\\ERC20.sol": {
      "lastModificationDate": 1619438005725,
      "contentHash": "11cf6f3b9d83b92ec458961ae3d0533f",
      "sourceName": "@openzeppelin/contracts/token/ERC20/ERC20.sol",
      "solcConfig": {
        "version": "0.8.3",
        "settings": {
          "optimizer": {
            "enabled": true,
            "runs": 200
          },
          "outputSelection": {
            "*": {
              "*": [
                "abi",
                "evm.bytecode",
                "evm.deployedBytecode",
                "evm.methodIdentifiers"
              ],
              "": [
                "ast"
              ]
            }
          }
        }
      },
      "imports": [
        "./IERC20.sol",
        "../../utils/Context.sol"
      ],
      "versionPragmas": [
        "^0.8.0"
      ],
      "artifacts": [
        "ERC20"
      ]
    },
    "C:\\ALLCODE\\ETHEREUM\\Unicrypt\\HARDHAT\\TokenVesting - V3\\node_modules\\@openzeppelin\\contracts\\token\\ERC20\\IERC20.sol": {
      "lastModificationDate": 1619438006088,
      "contentHash": "c7492a9ab60ba083d345f893d5e0f33c",
      "sourceName": "@openzeppelin/contracts/token/ERC20/IERC20.sol",
      "solcConfig": {
        "version": "0.8.3",
        "settings": {
          "optimizer": {
            "enabled": true,
            "runs": 200
          },
          "outputSelection": {
            "*": {
              "*": [
                "abi",
                "evm.bytecode",
                "evm.deployedBytecode",
                "evm.methodIdentifiers"
              ],
              "": [
                "ast"
              ]
            }
          }
        }
      },
      "imports": [],
      "versionPragmas": [
        "^0.8.0"
      ],
      "artifacts": [
        "IERC20"
      ]
    },
    "C:\\ALLCODE\\ETHEREUM\\Unicrypt\\HARDHAT\\TokenVesting - V3\\node_modules\\@openzeppelin\\contracts\\utils\\Context.sol": {
      "lastModificationDate": 1619438005238,
      "contentHash": "bc047f55d4e6dcc5a9c7ee096f530312",
      "sourceName": "@openzeppelin/contracts/utils/Context.sol",
      "solcConfig": {
        "version": "0.8.3",
        "settings": {
          "optimizer": {
            "enabled": true,
            "runs": 200
          },
          "outputSelection": {
            "*": {
              "*": [
                "abi",
                "evm.bytecode",
                "evm.deployedBytecode",
                "evm.methodIdentifiers"
              ],
              "": [
                "ast"
              ]
            }
          }
        }
      },
      "imports": [],
      "versionPragmas": [
        "^0.8.0"
      ],
      "artifacts": [
        "Context"
      ]
    },
    "C:\\ALLCODE\\ETHEREUM\\Unicrypt\\HARDHAT\\TokenVesting - V3\\node_modules\\@openzeppelin\\contracts\\access\\Ownable.sol": {
      "lastModificationDate": 1619438006264,
      "contentHash": "17d9f40220b0ab370db2c77e7c92c4ef",
      "sourceName": "@openzeppelin/contracts/access/Ownable.sol",
      "solcConfig": {
        "version": "0.8.3",
        "settings": {
          "optimizer": {
            "enabled": true,
            "runs": 200
          },
          "outputSelection": {
            "*": {
              "*": [
                "abi",
                "evm.bytecode",
                "evm.deployedBytecode",
                "evm.methodIdentifiers"
              ],
              "": [
                "ast"
              ]
            }
          }
        }
      },
      "imports": [
        "../utils/Context.sol"
      ],
      "versionPragmas": [
        "^0.8.0"
      ],
      "artifacts": [
        "Ownable"
      ]
    },
    "C:\\ALLCODE\\ETHEREUM\\Unicrypt\\HARDHAT\\TokenVesting - V3\\contracts\\UnicryptAdmin.sol": {
      "lastModificationDate": 1620199959025,
      "contentHash": "9f3ec91b4a5e3d8bc059da6c3c77ba46",
      "sourceName": "contracts/UnicryptAdmin.sol",
      "solcConfig": {
        "version": "0.8.3",
        "settings": {
          "optimizer": {
            "enabled": true,
            "runs": 200
          },
          "outputSelection": {
            "*": {
              "*": [
                "abi",
                "evm.bytecode",
                "evm.deployedBytecode",
                "evm.methodIdentifiers"
              ],
              "": [
                "ast"
              ]
            }
          }
        }
      },
      "imports": [
        "@openzeppelin/contracts/utils/structs/EnumerableSet.sol",
        "@openzeppelin/contracts/access/Ownable.sol"
      ],
      "versionPragmas": [
        "^0.8.0"
      ],
      "artifacts": [
        "IUnicryptAdmin",
        "UnicryptAdmin"
      ]
    },
    "C:\\ALLCODE\\ETHEREUM\\Unicrypt\\HARDHAT\\TokenVesting - V3\\node_modules\\@openzeppelin\\contracts\\utils\\structs\\EnumerableSet.sol": {
      "lastModificationDate": 1619438005427,
      "contentHash": "a0acec6ee83f09c4fedac2e7083dd29f",
      "sourceName": "@openzeppelin/contracts/utils/structs/EnumerableSet.sol",
      "solcConfig": {
        "version": "0.8.3",
        "settings": {
          "optimizer": {
            "enabled": true,
            "runs": 200
          },
          "outputSelection": {
            "*": {
              "*": [
                "abi",
                "evm.bytecode",
                "evm.deployedBytecode",
                "evm.methodIdentifiers"
              ],
              "": [
                "ast"
              ]
            }
          }
        }
      },
      "imports": [],
      "versionPragmas": [
        "^0.8.0"
      ],
      "artifacts": [
        "EnumerableSet"
      ]
    },
    "C:\\ALLCODE\\ETHEREUM\\Unicrypt\\HARDHAT\\TokenVesting - V3\\contracts\\TokenVesting.sol": {
      "lastModificationDate": 1620411437814,
      "contentHash": "29bb065fd83692340350fb160cad2229",
      "sourceName": "contracts/TokenVesting.sol",
      "solcConfig": {
        "version": "0.8.3",
        "settings": {
          "optimizer": {
            "enabled": true,
            "runs": 200
          },
          "outputSelection": {
            "*": {
              "*": [
                "abi",
                "evm.bytecode",
                "evm.deployedBytecode",
                "evm.methodIdentifiers"
              ],
              "": [
                "ast"
              ]
            }
          }
        }
      },
      "imports": [
        "./TransferHelper.sol",
        "./VestingMathLibrary.sol",
        "./FullMath.sol",
        "@openzeppelin/contracts/utils/structs/EnumerableSet.sol",
        "@openzeppelin/contracts/access/Ownable.sol",
        "@openzeppelin/contracts/security/ReentrancyGuard.sol",
        "@openzeppelin/contracts/token/ERC20/IERC20.sol"
      ],
      "versionPragmas": [
        "^0.8.0"
      ],
      "artifacts": [
        "IMigrator",
        "ITokenBlacklist",
        "IUnicryptAdmin",
        "TokenVesting"
      ]
    },
    "C:\\ALLCODE\\ETHEREUM\\Unicrypt\\HARDHAT\\TokenVesting - V3\\contracts\\TransferHelper.sol": {
      "lastModificationDate": 1617717450375,
      "contentHash": "7a76ffd13dfed9a198911fc8a2d7d739",
      "sourceName": "contracts/TransferHelper.sol",
      "solcConfig": {
        "version": "0.8.3",
        "settings": {
          "optimizer": {
            "enabled": true,
            "runs": 200
          },
          "outputSelection": {
            "*": {
              "*": [
                "abi",
                "evm.bytecode",
                "evm.deployedBytecode",
                "evm.methodIdentifiers"
              ],
              "": [
                "ast"
              ]
            }
          }
        }
      },
      "imports": [],
      "versionPragmas": [
        ">=0.6.0"
      ],
      "artifacts": [
        "TransferHelper"
      ]
    },
    "C:\\ALLCODE\\ETHEREUM\\Unicrypt\\HARDHAT\\TokenVesting - V3\\node_modules\\@openzeppelin\\contracts\\security\\ReentrancyGuard.sol": {
      "lastModificationDate": 1619438006339,
      "contentHash": "1d45ab4bd9b10c657bd26a957be5bcd9",
      "sourceName": "@openzeppelin/contracts/security/ReentrancyGuard.sol",
      "solcConfig": {
        "version": "0.8.3",
        "settings": {
          "optimizer": {
            "enabled": true,
            "runs": 200
          },
          "outputSelection": {
            "*": {
              "*": [
                "abi",
                "evm.bytecode",
                "evm.deployedBytecode",
                "evm.methodIdentifiers"
              ],
              "": [
                "ast"
              ]
            }
          }
        }
      },
      "imports": [],
      "versionPragmas": [
        "^0.8.0"
      ],
      "artifacts": [
        "ReentrancyGuard"
      ]
    },
    "C:\\ALLCODE\\ETHEREUM\\Unicrypt\\HARDHAT\\TokenVesting - V3\\contracts\\TokenVestingPager.sol": {
      "lastModificationDate": 1620199959025,
      "contentHash": "3241c74592bd6e47c074e57718c8a0e0",
      "sourceName": "contracts/TokenVestingPager.sol",
      "solcConfig": {
        "version": "0.8.3",
        "settings": {
          "optimizer": {
            "enabled": true,
            "runs": 200
          },
          "outputSelection": {
            "*": {
              "*": [
                "abi",
                "evm.bytecode",
                "evm.deployedBytecode",
                "evm.methodIdentifiers"
              ],
              "": [
                "ast"
              ]
            }
          }
        }
      },
      "imports": [
        "@openzeppelin/contracts/access/Ownable.sol",
        "@openzeppelin/contracts/token/ERC20/IERC20.sol",
        "./TokenVesting.sol"
      ],
      "versionPragmas": [
        "^0.8.0"
      ],
      "artifacts": [
        "TokenVestingPager"
      ]
    },
    "C:\\ALLCODE\\ETHEREUM\\Unicrypt\\HARDHAT\\TokenVesting - V3\\contracts\\Migrator.sol": {
      "lastModificationDate": 1620200568177,
      "contentHash": "5745436830d9dea67a42f3dd35d3aadb",
      "sourceName": "contracts/Migrator.sol",
      "solcConfig": {
        "version": "0.8.3",
        "settings": {
          "optimizer": {
            "enabled": true,
            "runs": 200
          },
          "outputSelection": {
            "*": {
              "*": [
                "abi",
                "evm.bytecode",
                "evm.deployedBytecode",
                "evm.methodIdentifiers"
              ],
              "": [
                "ast"
              ]
            }
          }
        }
      },
      "imports": [
        "./TransferHelper.sol",
        "@openzeppelin/contracts/utils/structs/EnumerableSet.sol",
        "@openzeppelin/contracts/access/Ownable.sol",
        "@openzeppelin/contracts/security/ReentrancyGuard.sol"
      ],
      "versionPragmas": [
        "^0.8.0"
      ],
      "artifacts": [
        "IMigrator",
        "Migrator"
      ]
    },
    "C:\\ALLCODE\\ETHEREUM\\Unicrypt\\HARDHAT\\TokenVesting - V3\\contracts\\FailingCondition.sol": {
      "lastModificationDate": 1620290929030,
      "contentHash": "8c3451b338bfe7f3ef23d1ccf0a7b411",
      "sourceName": "contracts/FailingCondition.sol",
      "solcConfig": {
        "version": "0.8.3",
        "settings": {
          "optimizer": {
            "enabled": true,
            "runs": 200
          },
          "outputSelection": {
            "*": {
              "*": [
                "abi",
                "evm.bytecode",
                "evm.deployedBytecode",
                "evm.methodIdentifiers"
              ],
              "": [
                "ast"
              ]
            }
          }
        }
      },
      "imports": [],
      "versionPragmas": [
        "^0.8.0"
      ],
      "artifacts": [
        "FailingCondition",
        "IUnlockCondition"
      ]
    },
    "C:\\ALLCODE\\ETHEREUM\\Unicrypt\\HARDHAT\\TokenVesting - V3\\contracts\\TokenBlacklist.sol": {
      "lastModificationDate": 1620290582602,
      "contentHash": "a9cbc652a84205606737fef1f2a174e7",
      "sourceName": "contracts/TokenBlacklist.sol",
      "solcConfig": {
        "version": "0.8.3",
        "settings": {
          "optimizer": {
            "enabled": true,
            "runs": 200
          },
          "outputSelection": {
            "*": {
              "*": [
                "abi",
                "evm.bytecode",
                "evm.deployedBytecode",
                "evm.methodIdentifiers"
              ],
              "": [
                "ast"
              ]
            }
          }
        }
      },
      "imports": [],
      "versionPragmas": [
        "^0.8.0"
      ],
      "artifacts": [
        "ITokenBlacklist",
        "TokenBlacklist"
      ]
    },
    "C:\\ALLCODE\\ETHEREUM\\Unicrypt\\HARDHAT\\TokenVesting - V3\\contracts\\VestingMathLibrary.sol": {
      "lastModificationDate": 1620298834200,
      "contentHash": "ce5557f42b5165053a0664c93b25180b",
      "sourceName": "contracts/VestingMathLibrary.sol",
      "solcConfig": {
        "version": "0.8.3",
        "settings": {
          "optimizer": {
            "enabled": true,
            "runs": 200
          },
          "outputSelection": {
            "*": {
              "*": [
                "abi",
                "evm.bytecode",
                "evm.deployedBytecode",
                "evm.methodIdentifiers"
              ],
              "": [
                "ast"
              ]
            }
          }
        }
      },
      "imports": [
        "./FullMath.sol"
      ],
      "versionPragmas": [
        "^0.8.0"
      ],
      "artifacts": [
        "IUnlockCondition",
        "VestingMathLibrary"
      ]
    },
    "C:\\ALLCODE\\ETHEREUM\\Unicrypt\\HARDHAT\\TokenVesting - V3\\contracts\\FullMath.sol": {
      "lastModificationDate": 1620307414033,
      "contentHash": "5ed71d7eb53f69e5ac501115175e9f32",
      "sourceName": "contracts/FullMath.sol",
      "solcConfig": {
        "version": "0.8.3",
        "settings": {
          "optimizer": {
            "enabled": true,
            "runs": 200
          },
          "outputSelection": {
            "*": {
              "*": [
                "abi",
                "evm.bytecode",
                "evm.deployedBytecode",
                "evm.methodIdentifiers"
              ],
              "": [
                "ast"
              ]
            }
          }
        }
      },
      "imports": [],
      "versionPragmas": [
        "^0.8.0"
      ],
      "artifacts": [
        "FullMath"
      ]
    },
    "C:\\ALLCODE\\ETHEREUM\\Unicrypt\\HARDHAT\\TokenVesting - V3\\node_modules\\hardhat\\console.sol": {
      "lastModificationDate": 1619438008291,
      "contentHash": "cc4777addd464ea56fa35b1c45df0591",
      "sourceName": "hardhat/console.sol",
      "solcConfig": {
        "version": "0.8.3",
        "settings": {
          "optimizer": {
            "enabled": true,
            "runs": 200
          },
          "outputSelection": {
            "*": {
              "*": [
                "abi",
                "evm.bytecode",
                "evm.deployedBytecode",
                "evm.methodIdentifiers"
              ],
              "": [
                "ast"
              ]
            }
          }
        }
      },
      "imports": [],
      "versionPragmas": [
        ">=0.4.22 <0.9.0"
      ],
      "artifacts": [
        "console"
      ]
    },
    "C:\\ALLCODE\\ETHEREUM\\Unicrypt\\HARDHAT\\TokenVesting - V3\\contracts\\FullMathUnsafe.sol": {
      "lastModificationDate": 1619562969976,
      "contentHash": "962f9585effc04820ec5f05cc0016c6e",
      "sourceName": "contracts/FullMathUnsafe.sol",
      "solcConfig": {
        "version": "0.8.3",
        "settings": {
          "optimizer": {
            "enabled": true,
            "runs": 200
          },
          "outputSelection": {
            "*": {
              "*": [
                "abi",
                "evm.bytecode",
                "evm.deployedBytecode",
                "evm.methodIdentifiers"
              ],
              "": [
                "ast"
              ]
            }
          }
        }
      },
      "imports": [],
      "versionPragmas": [
        "^0.8.0"
      ],
      "artifacts": [
        "FullMath"
      ]
    },
    "C:\\ALLCODE\\ETHEREUM\\Unicrypt\\HARDHAT\\TokenVesting - Audit codebase\\contracts\\Base2.sol": {
      "lastModificationDate": 1619702785578,
      "contentHash": "8c62c49f4df06ca0dc0c66153a79085b",
      "sourceName": "contracts/Base2.sol",
      "solcConfig": {
        "version": "0.5.0",
        "settings": {
          "optimizer": {
            "enabled": false,
            "runs": 200
          },
          "outputSelection": {
            "*": {
              "*": [
                "abi",
                "evm.bytecode",
                "evm.deployedBytecode",
                "evm.methodIdentifiers"
              ],
              "": [
                "ast"
              ]
            }
          }
        }
      },
      "imports": [],
      "versionPragmas": [
        "0.5.0"
      ],
      "artifacts": [
        "Base2",
        "ERC20Detailed",
        "IERC20",
        "IUniswapSync",
        "Initializable",
        "Ownable",
        "SafeMath",
        "SafeMathInt"
      ]
    },
    "C:\\ALLCODE\\ETHEREUM\\Unicrypt\\HARDHAT\\TokenVesting - Audit codebase\\contracts\\BOMBv3.sol": {
      "lastModificationDate": 1619293409696,
      "contentHash": "8cee0a9b43305f65daa4058b7ea80ebc",
      "sourceName": "contracts/BOMBv3.sol",
      "solcConfig": {
        "version": "0.5.0",
        "settings": {
          "optimizer": {
            "enabled": false,
            "runs": 200
          },
          "outputSelection": {
            "*": {
              "*": [
                "abi",
                "evm.bytecode",
                "evm.deployedBytecode",
                "evm.methodIdentifiers"
              ],
              "": [
                "ast"
              ]
            }
          }
        }
      },
      "imports": [],
      "versionPragmas": [
        "^0.5.0"
      ],
      "artifacts": [
        "BOMBv3",
        "ERC20Detailed",
        "IERC20",
        "SafeMath"
      ]
    },
    "C:\\ALLCODE\\ETHEREUM\\Unicrypt\\HARDHAT\\TokenVesting - Audit codebase\\contracts\\ConditionLight.sol": {
      "lastModificationDate": 1620290872630,
      "contentHash": "23aefa690b7f297dd6658546f94c1daf",
      "sourceName": "contracts/ConditionLight.sol",
      "solcConfig": {
        "version": "0.8.3",
        "settings": {
          "optimizer": {
            "enabled": true,
            "runs": 200
          },
          "outputSelection": {
            "*": {
              "*": [
                "abi",
                "evm.bytecode",
                "evm.deployedBytecode",
                "evm.methodIdentifiers"
              ],
              "": [
                "ast"
              ]
            }
          }
        }
      },
      "imports": [],
      "versionPragmas": [
        "^0.8.0"
      ],
      "artifacts": [
        "ConditionLight",
        "IUnlockCondition"
      ]
    },
    "C:\\ALLCODE\\ETHEREUM\\Unicrypt\\HARDHAT\\TokenVesting - Audit codebase\\contracts\\ERC20Mock.sol": {
      "lastModificationDate": 1618839417820,
      "contentHash": "975cb335bfb56efa86871c7da69ed5db",
      "sourceName": "contracts/ERC20Mock.sol",
      "solcConfig": {
        "version": "0.8.3",
        "settings": {
          "optimizer": {
            "enabled": true,
            "runs": 200
          },
          "outputSelection": {
            "*": {
              "*": [
                "abi",
                "evm.bytecode",
                "evm.deployedBytecode",
                "evm.methodIdentifiers"
              ],
              "": [
                "ast"
              ]
            }
          }
        }
      },
      "imports": [
        "@openzeppelin/contracts/token/ERC20/ERC20.sol"
      ],
      "versionPragmas": [
        "^0.8.0"
      ],
      "artifacts": [
        "ERC20Mock"
      ]
    },
    "C:\\ALLCODE\\ETHEREUM\\Unicrypt\\HARDHAT\\TokenVesting - Audit codebase\\node_modules\\@openzeppelin\\contracts\\token\\ERC20\\ERC20.sol": {
      "lastModificationDate": 1619438005725,
      "contentHash": "11cf6f3b9d83b92ec458961ae3d0533f",
      "sourceName": "@openzeppelin/contracts/token/ERC20/ERC20.sol",
      "solcConfig": {
        "version": "0.8.3",
        "settings": {
          "optimizer": {
            "enabled": true,
            "runs": 200
          },
          "outputSelection": {
            "*": {
              "*": [
                "abi",
                "evm.bytecode",
                "evm.deployedBytecode",
                "evm.methodIdentifiers"
              ],
              "": [
                "ast"
              ]
            }
          }
        }
      },
      "imports": [
        "./IERC20.sol",
        "../../utils/Context.sol"
      ],
      "versionPragmas": [
        "^0.8.0"
      ],
      "artifacts": [
        "ERC20"
      ]
    },
    "C:\\ALLCODE\\ETHEREUM\\Unicrypt\\HARDHAT\\TokenVesting - Audit codebase\\node_modules\\@openzeppelin\\contracts\\token\\ERC20\\IERC20.sol": {
      "lastModificationDate": 1619438006088,
      "contentHash": "c7492a9ab60ba083d345f893d5e0f33c",
      "sourceName": "@openzeppelin/contracts/token/ERC20/IERC20.sol",
      "solcConfig": {
        "version": "0.8.3",
        "settings": {
          "optimizer": {
            "enabled": true,
            "runs": 200
          },
          "outputSelection": {
            "*": {
              "*": [
                "abi",
                "evm.bytecode",
                "evm.deployedBytecode",
                "evm.methodIdentifiers"
              ],
              "": [
                "ast"
              ]
            }
          }
        }
      },
      "imports": [],
      "versionPragmas": [
        "^0.8.0"
      ],
      "artifacts": [
        "IERC20"
      ]
    },
    "C:\\ALLCODE\\ETHEREUM\\Unicrypt\\HARDHAT\\TokenVesting - Audit codebase\\node_modules\\@openzeppelin\\contracts\\utils\\Context.sol": {
      "lastModificationDate": 1619438005238,
      "contentHash": "bc047f55d4e6dcc5a9c7ee096f530312",
      "sourceName": "@openzeppelin/contracts/utils/Context.sol",
      "solcConfig": {
        "version": "0.8.3",
        "settings": {
          "optimizer": {
            "enabled": true,
            "runs": 200
          },
          "outputSelection": {
            "*": {
              "*": [
                "abi",
                "evm.bytecode",
                "evm.deployedBytecode",
                "evm.methodIdentifiers"
              ],
              "": [
                "ast"
              ]
            }
          }
        }
      },
      "imports": [],
      "versionPragmas": [
        "^0.8.0"
      ],
      "artifacts": [
        "Context"
      ]
    },
    "C:\\ALLCODE\\ETHEREUM\\Unicrypt\\HARDHAT\\TokenVesting - Audit codebase\\node_modules\\@openzeppelin\\contracts\\access\\Ownable.sol": {
      "lastModificationDate": 1619438006264,
      "contentHash": "17d9f40220b0ab370db2c77e7c92c4ef",
      "sourceName": "@openzeppelin/contracts/access/Ownable.sol",
      "solcConfig": {
        "version": "0.8.3",
        "settings": {
          "optimizer": {
            "enabled": true,
            "runs": 200
          },
          "outputSelection": {
            "*": {
              "*": [
                "abi",
                "evm.bytecode",
                "evm.deployedBytecode",
                "evm.methodIdentifiers"
              ],
              "": [
                "ast"
              ]
            }
          }
        }
      },
      "imports": [
        "../utils/Context.sol"
      ],
      "versionPragmas": [
        "^0.8.0"
      ],
      "artifacts": [
        "Ownable"
      ]
    },
    "C:\\ALLCODE\\ETHEREUM\\Unicrypt\\HARDHAT\\TokenVesting - Audit codebase\\contracts\\UnicryptAdmin.sol": {
      "lastModificationDate": 1620199959025,
      "contentHash": "9f3ec91b4a5e3d8bc059da6c3c77ba46",
      "sourceName": "contracts/UnicryptAdmin.sol",
      "solcConfig": {
        "version": "0.8.3",
        "settings": {
          "optimizer": {
            "enabled": true,
            "runs": 200
          },
          "outputSelection": {
            "*": {
              "*": [
                "abi",
                "evm.bytecode",
                "evm.deployedBytecode",
                "evm.methodIdentifiers"
              ],
              "": [
                "ast"
              ]
            }
          }
        }
      },
      "imports": [
        "@openzeppelin/contracts/utils/structs/EnumerableSet.sol",
        "@openzeppelin/contracts/access/Ownable.sol"
      ],
      "versionPragmas": [
        "^0.8.0"
      ],
      "artifacts": [
        "IUnicryptAdmin",
        "UnicryptAdmin"
      ]
    },
    "C:\\ALLCODE\\ETHEREUM\\Unicrypt\\HARDHAT\\TokenVesting - Audit codebase\\node_modules\\@openzeppelin\\contracts\\utils\\structs\\EnumerableSet.sol": {
      "lastModificationDate": 1619438005427,
      "contentHash": "a0acec6ee83f09c4fedac2e7083dd29f",
      "sourceName": "@openzeppelin/contracts/utils/structs/EnumerableSet.sol",
      "solcConfig": {
        "version": "0.8.3",
        "settings": {
          "optimizer": {
            "enabled": true,
            "runs": 200
          },
          "outputSelection": {
            "*": {
              "*": [
                "abi",
                "evm.bytecode",
                "evm.deployedBytecode",
                "evm.methodIdentifiers"
              ],
              "": [
                "ast"
              ]
            }
          }
        }
      },
      "imports": [],
      "versionPragmas": [
        "^0.8.0"
      ],
      "artifacts": [
        "EnumerableSet"
      ]
    },
    "C:\\ALLCODE\\ETHEREUM\\Unicrypt\\HARDHAT\\TokenVesting - Audit codebase\\contracts\\TokenVesting.sol": {
      "lastModificationDate": 1620411437814,
      "contentHash": "29bb065fd83692340350fb160cad2229",
      "sourceName": "contracts/TokenVesting.sol",
      "solcConfig": {
        "version": "0.8.3",
        "settings": {
          "optimizer": {
            "enabled": true,
            "runs": 200
          },
          "outputSelection": {
            "*": {
              "*": [
                "abi",
                "evm.bytecode",
                "evm.deployedBytecode",
                "evm.methodIdentifiers"
              ],
              "": [
                "ast"
              ]
            }
          }
        }
      },
      "imports": [
        "./TransferHelper.sol",
        "./VestingMathLibrary.sol",
        "./FullMath.sol",
        "@openzeppelin/contracts/utils/structs/EnumerableSet.sol",
        "@openzeppelin/contracts/access/Ownable.sol",
        "@openzeppelin/contracts/security/ReentrancyGuard.sol",
        "@openzeppelin/contracts/token/ERC20/IERC20.sol"
      ],
      "versionPragmas": [
        "^0.8.0"
      ],
      "artifacts": [
        "IMigrator",
        "ITokenBlacklist",
        "IUnicryptAdmin",
        "TokenVesting"
      ]
    },
    "C:\\ALLCODE\\ETHEREUM\\Unicrypt\\HARDHAT\\TokenVesting - Audit codebase\\contracts\\TransferHelper.sol": {
      "lastModificationDate": 1617717450375,
      "contentHash": "7a76ffd13dfed9a198911fc8a2d7d739",
      "sourceName": "contracts/TransferHelper.sol",
      "solcConfig": {
        "version": "0.8.3",
        "settings": {
          "optimizer": {
            "enabled": true,
            "runs": 200
          },
          "outputSelection": {
            "*": {
              "*": [
                "abi",
                "evm.bytecode",
                "evm.deployedBytecode",
                "evm.methodIdentifiers"
              ],
              "": [
                "ast"
              ]
            }
          }
        }
      },
      "imports": [],
      "versionPragmas": [
        ">=0.6.0"
      ],
      "artifacts": [
        "TransferHelper"
      ]
    },
    "C:\\ALLCODE\\ETHEREUM\\Unicrypt\\HARDHAT\\TokenVesting - Audit codebase\\contracts\\VestingMathLibrary.sol": {
      "lastModificationDate": 1620298834200,
      "contentHash": "ce5557f42b5165053a0664c93b25180b",
      "sourceName": "contracts/VestingMathLibrary.sol",
      "solcConfig": {
        "version": "0.8.3",
        "settings": {
          "optimizer": {
            "enabled": true,
            "runs": 200
          },
          "outputSelection": {
            "*": {
              "*": [
                "abi",
                "evm.bytecode",
                "evm.deployedBytecode",
                "evm.methodIdentifiers"
              ],
              "": [
                "ast"
              ]
            }
          }
        }
      },
      "imports": [
        "./FullMath.sol"
      ],
      "versionPragmas": [
        "^0.8.0"
      ],
      "artifacts": [
        "IUnlockCondition",
        "VestingMathLibrary"
      ]
    },
    "C:\\ALLCODE\\ETHEREUM\\Unicrypt\\HARDHAT\\TokenVesting - Audit codebase\\contracts\\FullMath.sol": {
      "lastModificationDate": 1620307414033,
      "contentHash": "5ed71d7eb53f69e5ac501115175e9f32",
      "sourceName": "contracts/FullMath.sol",
      "solcConfig": {
        "version": "0.8.3",
        "settings": {
          "optimizer": {
            "enabled": true,
            "runs": 200
          },
          "outputSelection": {
            "*": {
              "*": [
                "abi",
                "evm.bytecode",
                "evm.deployedBytecode",
                "evm.methodIdentifiers"
              ],
              "": [
                "ast"
              ]
            }
          }
        }
      },
      "imports": [],
      "versionPragmas": [
        "^0.8.0"
      ],
      "artifacts": [
        "FullMath"
      ]
    },
    "C:\\ALLCODE\\ETHEREUM\\Unicrypt\\HARDHAT\\TokenVesting - Audit codebase\\node_modules\\@openzeppelin\\contracts\\security\\ReentrancyGuard.sol": {
      "lastModificationDate": 1619438006339,
      "contentHash": "1d45ab4bd9b10c657bd26a957be5bcd9",
      "sourceName": "@openzeppelin/contracts/security/ReentrancyGuard.sol",
      "solcConfig": {
        "version": "0.8.3",
        "settings": {
          "optimizer": {
            "enabled": true,
            "runs": 200
          },
          "outputSelection": {
            "*": {
              "*": [
                "abi",
                "evm.bytecode",
                "evm.deployedBytecode",
                "evm.methodIdentifiers"
              ],
              "": [
                "ast"
              ]
            }
          }
        }
      },
      "imports": [],
      "versionPragmas": [
        "^0.8.0"
      ],
      "artifacts": [
        "ReentrancyGuard"
      ]
    },
    "C:\\ALLCODE\\ETHEREUM\\Unicrypt\\HARDHAT\\TokenVesting - Audit codebase\\contracts\\Migrator.sol": {
      "lastModificationDate": 1620200568177,
      "contentHash": "5745436830d9dea67a42f3dd35d3aadb",
      "sourceName": "contracts/Migrator.sol",
      "solcConfig": {
        "version": "0.8.3",
        "settings": {
          "optimizer": {
            "enabled": true,
            "runs": 200
          },
          "outputSelection": {
            "*": {
              "*": [
                "abi",
                "evm.bytecode",
                "evm.deployedBytecode",
                "evm.methodIdentifiers"
              ],
              "": [
                "ast"
              ]
            }
          }
        }
      },
      "imports": [
        "./TransferHelper.sol",
        "@openzeppelin/contracts/utils/structs/EnumerableSet.sol",
        "@openzeppelin/contracts/access/Ownable.sol",
        "@openzeppelin/contracts/security/ReentrancyGuard.sol"
      ],
      "versionPragmas": [
        "^0.8.0"
      ],
      "artifacts": [
        "IMigrator",
        "Migrator"
      ]
    },
    "C:\\ALLCODE\\ETHEREUM\\Unicrypt\\HARDHAT\\TokenVesting - Audit codebase\\contracts\\FailingCondition.sol": {
      "lastModificationDate": 1620290929030,
      "contentHash": "8c3451b338bfe7f3ef23d1ccf0a7b411",
      "sourceName": "contracts/FailingCondition.sol",
      "solcConfig": {
        "version": "0.8.3",
        "settings": {
          "optimizer": {
            "enabled": true,
            "runs": 200
          },
          "outputSelection": {
            "*": {
              "*": [
                "abi",
                "evm.bytecode",
                "evm.deployedBytecode",
                "evm.methodIdentifiers"
              ],
              "": [
                "ast"
              ]
            }
          }
        }
      },
      "imports": [],
      "versionPragmas": [
        "^0.8.0"
      ],
      "artifacts": [
        "FailingCondition",
        "IUnlockCondition"
      ]
    },
    "C:\\ALLCODE\\ETHEREUM\\Unicrypt\\HARDHAT\\TokenVesting - Audit codebase\\contracts\\TokenBlacklist.sol": {
      "lastModificationDate": 1620290582602,
      "contentHash": "a9cbc652a84205606737fef1f2a174e7",
      "sourceName": "contracts/TokenBlacklist.sol",
      "solcConfig": {
        "version": "0.8.3",
        "settings": {
          "optimizer": {
            "enabled": true,
            "runs": 200
          },
          "outputSelection": {
            "*": {
              "*": [
                "abi",
                "evm.bytecode",
                "evm.deployedBytecode",
                "evm.methodIdentifiers"
              ],
              "": [
                "ast"
              ]
            }
          }
        }
      },
      "imports": [],
      "versionPragmas": [
        "^0.8.0"
      ],
      "artifacts": [
        "ITokenBlacklist",
        "TokenBlacklist"
      ]
    }
  }
}
