{
  "extends": "solhint:recommended",
  "plugins": [],
  "rules": {
    "indent": "warn",
    "const-name-snakecase": "warn",
    "max-line-length": [
      "error",
      80
    ],
    "avoid-suicide": "error",
    "avoid-sha3": "warn",
    "func-order": "off",
    "mark-callable-contracts": "off",
    "no-empty-blocks": "off",
    "compiler-version": "off",
    "private-vars-leading-underscore": "error",
    "reason-string": "off",
    "func-visibility": [
      "error", {
        "ignoreConstructors": true
      }
    ],
    "quotes": [
      "error",
      "double"
    ]
  }
}