{
  "methods": {
    "claim(address)": {
      "notice": "the setAllowedAmounts function allows the admin to set a claimable amounts of bDSLA for claimers."
    },
    "constructor": "token name: bDSLA , token symbol: bDSLA",
    "setAllowedAmount(uint256,address)": {
      "notice": "the setAllowedAmount function allows the admin to set an amount of claimable bDSLA based on the balanceOf DSLA token of the claimer on the mainnet."
    },
    "setAllowedAmounts(uint256[],address[])": {
      "notice": "the setAllowedAmounts function allows the admin to set a claimable amounts of bDSLA for claimers."
    }
  }
}
