{
  "methods": {
    "addAllowedTokens(address)": {
      "notice": "dev add a token to ve allowed for staking param _tokenAddress 1. address of the new allowed token"
    },
    "createDToken(string,string)": {
      "notice": "dev to create dTokens for staking param _name 1. token name param _symbol 2. token symbol"
    },
    "registerStakedSla(address)": {
      "notice": "dev register the sending SLA contract as staked by _owner param _owner 1. SLA contract to stake"
    },
    "slaWasStakedByUser(address,address)": {
      "notice": "dev public view function that returns true if the _owner has staked on _sla param _user 1. address to check param _sla 2. sla to check return bool, true if _sla was staked by _user"
    }
  }
}
